{"uid":"98d3104e051c652961429bf95fa0b5d6","name":"suites","children":[{"name":"Testcase","children":[{"name":"test_login","children":[{"name":"Test_verificationCode","children":[{"name":"test_code_get01","uid":"6543678548f9abf8","parentUid":"20f8ed9c775e5c6634111de76a24936c","status":"passed","time":{"start":1660410078499,"stop":1660410078625,"duration":126},"flaky":false,"newFailed":false,"newPassed":false,"newBroken":false,"retriesCount":4,"retriesStatusChange":false,"parameters":[]}],"uid":"20f8ed9c775e5c6634111de76a24936c"}],"uid":"460ee4b0ea9a08e0858dcee6fcf0915f"}],"uid":"1bb8f4d43a47eae7dbcd78afc31ab232"}]}