{"uid":"ab17fc5a4eb3bca4b216b548c7f9fcbc","name":"timeline","children":[{"name":"Wangjun-PC","children":[{"name":"1736-MainThread","children":[{"name":"test_code_get01","uid":"407f5235b51a7663","parentUid":"91b531bd3460d4b909958c76551036b1","status":"passed","time":{"start":1660409517957,"stop":1660409518087,"duration":130},"flaky":false,"newFailed":false,"newPassed":false,"newBroken":false,"retriesCount":0,"retriesStatusChange":false,"parameters":[]}],"uid":"91b531bd3460d4b909958c76551036b1"},{"name":"2836-MainThread","children":[{"name":"test_code_get01","uid":"702e2fff99a12df0","parentUid":"4219bc9ef6e1c83b5d78458dbe91b8c1","status":"passed","time":{"start":1660409625293,"stop":1660409625426,"duration":133},"flaky":false,"newFailed":false,"newPassed":false,"newBroken":false,"retriesCount":0,"retriesStatusChange":false,"parameters":[]}],"uid":"4219bc9ef6e1c83b5d78458dbe91b8c1"},{"name":"7996-MainThread","children":[{"name":"test_code_get01","uid":"eebf28a1acab457d","parentUid":"8a2f44e6a541312e71b80a5693ac2a27","status":"passed","time":{"start":1660409897941,"stop":1660409898065,"duration":124},"flaky":false,"newFailed":false,"newPassed":false,"newBroken":false,"retriesCount":0,"retriesStatusChange":false,"parameters":[]}],"uid":"8a2f44e6a541312e71b80a5693ac2a27"},{"name":"12160-MainThread","children":[{"name":"test_code_get01","uid":"a98d1f0d27415c19","parentUid":"f04a79990fcf3973f6a1b35aaa2cfe5f","status":"passed","time":{"start":1660410001102,"stop":1660410001220,"duration":118},"flaky":false,"newFailed":false,"newPassed":false,"newBroken":false,"retriesCount":0,"retriesStatusChange":false,"parameters":[]}],"uid":"f04a79990fcf3973f6a1b35aaa2cfe5f"},{"name":"1032-MainThread","children":[{"name":"test_code_get01","uid":"6543678548f9abf8","parentUid":"857777ff630f40d64ddc0247ec0b5402","status":"passed","time":{"start":1660410078499,"stop":1660410078625,"duration":126},"flaky":false,"newFailed":false,"newPassed":false,"newBroken":false,"retriesCount":4,"retriesStatusChange":false,"parameters":[]}],"uid":"857777ff630f40d64ddc0247ec0b5402"}],"uid":"2c0c7386948c72e424c02b59072a6d93"}]}